[{"Id":1,"name":"inventory1","Desciption":"some Description","price":20},
    {"Id":2,"name":"inventory2","Desciption":"some Description","price":22},
    {"Id":3,"name":"inventory3","Desciption":"some Description","price":24},
    {"Id":4,"name":"inventory4","Desciption":"some Description","price":27},
    {"Id":5,"name":"inventory5","Desciption":"some Description","price":28},
    {"Id":6,"name":"inventory6","Desciption":"some Description","price":30},
    {"Id":7,"name":"inventory7","Desciption":"some Description","price":20},
    {"Id":8,"name":"inventory8","Desciption":"some Description","price":32},
    {"Id":9,"name":"inventory9","Desciption":"some Description","price":43}]